{
    "Level": 3,
    "Face": 0,
    "TextColour": {
        "r": 0.0,
        "g": 0.0,
        "b": 0.0,
        "a": 1.0
    },
    "DieColour": {
        "r": 0.800000011920929,
        "g": 0.800000011920929,
        "b": 0.800000011920929,
        "a": 1.0
    },
    "Name": "DebugCat-3",
    "Attack": 2,
    "Toughness": 2,
    "SpecialName": "None",
    "SpriteName": "DebugCat"
}